System Type,Year of cons.,No. of Story,Ground floor Area,Total Floor Area,Overhang Area,Story Heights Ground,Story Heights Normal,Irr-A1,Irr-A2,Irr-A3,Irr-A4,Irr-B1,Irr-B2,Irr-B3,X-dir - Frames,Y-dir - Frames,SSI,OR (Aover/Agrou),RNS,MNLSI,MNLSTFI,Damage Class
1,1975,4,221,884,25.4,3,3,1,2,2,2,2,2,2,1,4,1,0.11,1,3.0058,0.0919,2
1,1980,4,222,888,33.87,2.9,2.8,2,2,2,2,2,2,2,3,4,1.036,0.15,2,2.2568,0.0791,2
1,1991,4,248,992,50.1,2.8,2.8,2,2,2,2,2,2,2,1,4,1,0.2,1,1.7177,0.0689,2
2,1985,6,152.5,915,10.95,2.8,2.7,2,2,2,2,2,2,2,3,3,1.037,0.07,2,1.6903,0.0436,2
1,1985,6,120.5,723,14.52,2.6,2.7,2,2,2,2,2,2,2,4,2,0.963,0.12,1,1.2075,0.0369,2
1,1989,5,137,685,16.92,2.6,2.7,2,2,2,2,2,1,2,3,3,0.963,0.12,2,2.2151,0.0878,2
1,1996,4,239,956,26.82,2.9,2.9,2,2,2,2,2,2,2,2,0,1,0.11,1,1.9386,0.1279,3
2,1993,6,146,876,31.02,3.25,2.65,1,2,2,2,2,1,2,4,2,1.226,0.21,1,1.3034,0.1003,2
1,1995,4,187,748,44.31,3.6,2.8,1,2,2,1,1,1,2,3,3,1.286,0.24,2,2.0351,0.1787,2
1,1998,4,401,1604,66.08,2.85,2.85,1,2,2,1,2,2,2,2,8,1,0.16,1,1.9959,0.0852,2
1,1996,5,340,1700,72.56,3.3,2.7,1,2,1,2,2,1,2,4,3,1.222,0.21,1,2.2539,0.2122,1
1,1996,5,163,815,0,2.8,2.8,1,2,2,2,2,2,2,2,2,1,0,1,2.2748,0.1215,2
1,1991,4,100,400,5.78,2.75,2.75,1,2,2,2,2,2,2,1,2,1,0.06,1,3.7179,0.1841,2
1,1991,5,330,1927,0,3.15,2.75,1,2,2,2,2,1,2,4,6,1.145,0,3,1.4357,0.1319,2
1,1985,5,253,1265,0,3.2,2.8,2,2,2,2,2,1,2,3,6,1.143,0,2,2.3874,0.2073,1
1,1985,5,170,850,0,3.2,2.8,2,2,2,2,2,1,2,2,4,1.143,0,1,2.0196,0.2338,1
1,1978,5,283,1415,11.7,3.2,2.6,2,2,2,2,2,1,2,4,2,1.231,0.04,1,1.9583,0.1374,2
1,1997,5,420,2100,33.06,3.6,2.9,2,2,2,2,2,1,2,4,4,1.241,0.08,2,1.7312,0.0686,1
1,1973,4,196,784,17.38,3.3,2.7,2,2,2,2,2,1,2,2,4,1.222,0.09,1,1.8861,0.0594,2
1,1985,4,107,428,8.03,2.7,2.7,2,2,2,2,2,2,2,3,2,1,0.08,1,2.9984,0.1215,1
1,1982,4,251,1004,30.86,3.1,2.7,2,2,2,2,2,1,2,3,4,1.148,0.12,2,1.9612,0.0579,2
2,1997,4,377,1508,27.24,3.1,2.7,2,2,2,1,2,1,2,4,2,1.148,0.07,1,3.1123,0.0959,2
2,1995,5,311.5,1557.5,26.98,3.1,2.7,1,2,2,1,2,1,2,2,2,1.148,0.09,1,1.8444,0.056,2
1,1985,5,103,515,16.65,3.1,2.7,1,2,2,2,2,1,2,2,2,1.148,0.16,1,2.1359,0.0781,2
2,1985,4,650,2600,30.8,2.7,2.7,2,2,2,2,2,2,2,3,6,1,0.05,1,2.4108,0.3284,2
2,1980,4,474,1896,72.02,2.7,2.7,2,2,2,2,2,1,2,2,4,1,0.15,1,2.5712,0.537,2
1,1985,4,435,1740,59.35,2.7,2.7,2,2,2,2,2,1,2,3,6,1,0.14,2,1.8707,0.0595,1
1,1986,4,437,1748,50.8,2.7,2.7,2,2,2,2,2,2,2,4,3,1,0.12,1,2.3758,0.1027,2
1,1986,4,418,1672,65,2.7,2.7,2,2,2,2,2,2,2,4,3,1,0.16,1,2.126,0.0896,2
1,1995,4,176.5,706,16.26,3.6,2.7,2,2,2,2,2,1,2,6,2,1.333,0.09,1,2.1787,0.0675,2
1,1996,4,230,920,23.89,2.7,2.7,2,2,2,2,2,2,2,3,0,1,0.1,1,1.8659,0.0701,1
1,1995,3,203,609,20.64,2.7,2.7,2,2,2,2,2,2,2,2,4,1,0.1,1,3.6546,0.1083,1
2,1992,4,542,2168,111.47,2.7,2.7,2,2,2,1,2,1,2,1,3,1,0.21,1,1.9521,0.1042,2
1,1998,4,468,1872,73.24,2.7,2.7,2,2,2,2,2,2,2,4,2,1,0.16,1,2.485,0.1915,2
1,1996,4,98,392,3.68,3.3,2.7,2,2,2,2,2,1,2,2,2,1.222,0.04,1,2.5689,0.1175,1
2,1992,4,96.5,386,2.03,2.7,2.7,1,2,2,1,2,2,2,3,2,1,0.02,1,1.997,0.1088,1
1,1992,4,125,500,4.94,2.7,2.7,2,2,2,2,2,1,2,3,2,1,0.04,1,2.8024,0.1164,1
1,1994,4,376,1504,8.4,3.55,2.85,1,2,2,2,2,1,2,3,6,1.246,0.02,2,2.6008,0.1091,1
2,1992,5,523,2998,0,3.2,2.8,1,2,2,1,2,1,1,3,4,1.143,0,1,1.6261,0.0873,2
2,1997,5,225,1125,16.38,2.7,2.7,1,2,2,2,2,2,2,2,3,1,0.07,1,2.4524,0.2078,2
1,1989,4,392,1568,41.82,2.8,2.8,2,2,2,2,2,2,2,2,4,1,0.11,1,2.102,0.0891,2
1,1990,5,397,1985,13.7,3.55,2.75,2,2,2,2,2,1,2,4,8,1.291,0.03,3,2.2732,0.1134,2
1,1994,6,310,1860,64.56,2.3,2.8,2,2,2,2,2,2,2,2,4,0.821,0.21,1,2.2294,0.0878,2
1,1997,3,321,963,59.32,2.7,2.7,2,2,2,2,2,2,2,3,2,1,0.18,1,2.8062,0.0984,1
1,1980,5,437,2185,35.26,2.55,2.7,2,2,2,2,2,2,2,5,4,0.944,0.08,2,1.9658,0.107,0
2,1993,4,363,1452,53.13,2.7,2.7,1,2,1,2,2,2,2,0,4,1,0.15,1,3.1155,0.273,2
2,1990,5,159,954,0,2.9,2.9,2,2,2,2,2,1,2,3,6,1,0,3,1.3933,0.222,0
1,1991,5,51,306,0,3.2,2.8,2,1,2,2,2,1,2,6,2,1.143,0,3,2.1218,0.0311,0
1,1991,5,221,1255,0,3.2,2.8,2,1,2,2,2,1,2,2,2,1.143,0,1,1.857,0.0653,0
1,1994,5,42,230,9.12,2.9,2.6,1,1,2,2,2,1,2,3,2,1.115,0.22,2,2.2609,0.2212,2
2,1984,5,155,870,10.24,2.9,2.6,1,1,2,1,2,1,2,3,5,1.115,0.07,3,3.4356,0.2174,2
1,1985,5,100,600,0,2.6,2.8,2,2,2,2,2,2,2,2,6,0.929,0,2,1.41,0.013,1
1,1985,5,388,2207,11.1,2.6,2.8,2,2,2,2,2,2,2,5,6,0.929,0.03,3,1.7535,0.0778,1
1,1993,5,184,920,0,3.2,2.8,1,2,2,1,2,1,2,1,3,1.143,0,1,1.8725,0.0412,2
2,1995,5,202,1010,11.41,3.4,2.8,2,2,2,2,2,1,2,2,4,1.214,0.06,1,1.9129,0.1365,2
1,1982,5,221,1105,6.81,3.3,2.7,2,2,2,2,2,1,2,2,4,1.222,0.03,1,1.9589,0.1793,2
2,1992,5,357,1785,43.44,3.3,2.7,1,2,2,2,2,1,2,4,2,1.222,0.12,1,1.9422,0.0966,2
1,1982,3,104,312,8.64,2.7,2.7,2,2,2,2,2,2,2,4,4,1,0.08,3,3.688,0.0709,1
2,1996,5,99,495,12.84,3.4,2.7,1,2,2,2,2,1,2,4,2,1.259,0.13,1,1.3562,0.2778,3
1,1990,5,116,580,10.02,3.4,2.7,2,2,2,2,2,1,2,3,3,1.259,0.09,2,1.7793,0.0466,1
2,1995,4,640,2560,43.3,3.5,2.7,1,2,1,2,2,1,2,3,5,1.296,0.07,1,2.2432,0.1249,3
1,1972,4,131,493,4.5,3.5,2.7,1,2,2,1,2,1,2,3,3,1.296,0.03,2,2.2868,0.0463,0
2,1980,5,488,2440,20.4,2.6,2.6,2,2,1,2,2,1,2,0,0,1,0.04,1,2.5485,0.7946,2
1,1992,4,114,456,0,2.85,2.85,1,2,2,2,2,2,2,2,3,1,0,1,2.8399,0.0845,2
1,1992,4,219,876,23.04,2.85,2.85,1,2,2,2,2,2,2,2,4,1,0.11,1,2.6969,0.2481,2
1,1995,4,472,1888,54.55,2.7,2.7,1,2,2,2,2,1,2,0,7,1,0.12,1,2.4821,0.1324,1
1,1996,4,344,1376,68.08,2.7,2.7,2,2,2,2,2,2,2,4,1,1,0.2,1,2.4855,0.1284,2
1,1997,5,201,1005,39.57,3.5,2.7,1,2,2,2,2,1,2,4,2,1.296,0.2,1,2.2742,0.1921,0
1,1996,5,498,2490,40.35,3,2.6,2,2,2,1,2,1,2,5,4,1.154,0.08,2,1.642,0.0465,2
1,1996,5,368,1840,24.63,3,2.6,2,2,2,2,2,1,2,4,5,1.154,0.07,2,1.5805,0.0575,1
2,1990,5,227,1135,34.33,3.6,2.7,2,2,2,2,2,1,2,2,3,1.333,0.15,1,2.133,0.0804,1
1,1995,5,146,730,37.19,3.2,2.6,1,2,2,1,2,1,2,2,2,1.231,0.25,1,1.8218,0.1365,2
1,1995,3,381,1143,50.77,3.6,2.7,1,2,1,1,2,1,2,3,2,1.333,0.13,1,2.6888,0.1454,3
2,1996,5,310,1550,23.56,3.4,2.7,1,2,1,1,2,1,2,0,4,1.259,0.08,1,1.8247,0.1933,3
1,1985,3,277,831,49.1,2.75,2.75,1,2,2,2,2,1,2,2,5,1,0.18,1,4.8476,0.4005,2
1,1993,4,355,1420,47.62,2.8,2.8,2,2,2,2,2,2,2,2,6,1,0.13,1,2.5104,0.1253,2
1,1996,5,212,1060,30.08,2.7,2.7,1,2,2,1,2,1,2,2,1,1,0.14,1,1.7774,0.0515,3
2,1997,3,353,1059,77.44,2.8,2.8,2,2,2,2,2,2,2,3,5,1,0.22,2,2.1897,0.1808,2
2,1989,4,155,620,9.24,2.75,2.75,1,2,2,2,2,1,2,4,4,1,0.06,3,2.7903,0.145,1
1,1985,4,130,520,15.12,2.6,2.6,1,2,2,2,2,2,2,3,3,1,0.12,2,1.9205,0.0689,1
1,1994,5,197,985,7.63,2.7,2.8,2,2,2,2,2,1,2,2,2,0.964,0.04,1,2.0519,0.0796,2
1,1991,5,162,810,21.06,2.7,2.7,2,2,2,2,2,1,2,3,2,1,0.13,1,2.3095,0.1021,2
2,1995,5,161,805,12.3,3.3,2.8,1,2,2,1,2,1,2,3,4,1.179,0.08,2,1.8903,0.1674,2
1,1990,4,260,1040,7.56,3.35,2.85,1,2,2,1,2,1,2,3,3,1.175,0.03,1,1.6314,0.0428,2
1,1989,5,132,660,9.38,3.4,2.7,2,2,2,2,2,1,2,4,4,1.259,0.07,3,1.6948,0.0585,2
1,1984,5,85,510,0,2.5,2.7,2,1,2,2,2,1,2,4,3,0.926,0,3,2.0784,0.0787,2
1,1992,4,136,544,20.9,3.6,2.7,2,2,2,2,1,1,2,3,2,1.333,0.15,1,2.7574,0.0856,2
1,1989,5,243,1215,16.86,3.3,2.8,2,2,2,2,2,1,2,3,6,1.179,0.07,3,2.1869,0.0669,1
1,1981,4,108,432,7.36,2.7,2.7,2,2,2,2,2,2,2,3,3,1,0.07,2,2.4113,0.0677,2
1,1989,4,123,492,21.3,2.7,2.7,2,2,2,2,2,2,2,3,4,1,0.17,3,2.709,0.1997,2
1,1989,4,115,460,6.36,2.7,2.7,2,2,2,2,2,2,2,3,2,1,0.06,1,3.2783,0.2664,2
1,1990,5,574,2870,3.1,2.7,2.7,1,2,2,2,2,2,2,2,2,1,0.01,1,1.8702,0.0914,2
2,1996,5,243,1215,37.79,3.3,2.8,1,2,2,2,2,2,2,3,2,1.179,0.16,1,1.7901,0.1,3
1,1980,4,273,1092,36.06,2.9,2.9,2,2,2,2,2,1,2,2,4,1,0.13,1,1.2338,0.0185,2
1,1995,5,161,805,17.05,3.05,2.7,2,2,2,2,2,1,2,3,3,1.13,0.11,2,2.4161,0.1239,1
1,1990,3,138,414,4.8,2.8,2.8,1,2,2,2,2,2,2,2,2,1,0.03,1,1.9461,0.0321,1
1,1985,2,130,260,14.75,2.95,2.95,2,2,2,2,2,1,2,3,2,1,0.11,1,5.1282,0.1892,0
1,1972,2,190,380,22.85,4.05,2.9,1,2,2,2,2,1,2,5,3,1.397,0.12,3,2.4158,0.0327,1
2,1978,4,155,565,28.27,2.9,2.9,2,2,2,2,2,2,2,2,3,1,0.18,1,2.4282,0.0428,0
1,1977,4,185,740,35.52,2.85,2.85,2,2,2,2,2,2,2,5,3,1,0.19,3,0.9279,0.117,2
1,1984,4,244,976,23.24,2.85,2.85,2,2,2,2,2,2,2,3,2,1,0.1,1,2.1803,0.1107,2
2,1994,5,665,3325,48.08,3.5,3,2,2,2,2,2,1,2,1,2,1.167,0.07,1,1.4958,0.1127,3
1,1975,5,190.2,951,0,3,2.9,1,2,2,2,2,1,2,2,4,1.034,0,1,2.6183,0.1735,0
1,1979,3,215,645,28.28,2.75,2.75,2,2,2,2,2,2,2,2,4,1,0.13,1,2.691,0.0547,2
1,1988,3,142.1,426.3,0,2.9,2.9,2,2,2,2,2,2,2,1,0,1,0,1,1.4368,0.0171,2
2,1988,3,66.55,199.65,23.22,3.8,3.1,1,2,1,1,2,1,2,2,4,1.226,0.35,2,6.6366,0.0631,3
1,1960,3,91.14,273.42,8.6,3.9,2.8,2,2,2,2,2,1,1,3,2,1.393,0.09,1,2.2091,0.0247,2
1,1962,2,96,192,9.9,3.45,2.85,1,2,2,2,1,1,2,2,4,1.211,0.1,1,3.7969,0.0422,0
1,1962,3,83.5,250.5,9.6,3.45,2.85,1,2,2,2,1,1,2,2,4,1.211,0.11,1,3.1617,0.0323,0
2,1990,5,495,2475,23.7,3.3,3,1,2,1,2,2,1,2,2,3,1.1,0.05,1,1.9502,0.2791,2
1,1990,4,127,508,18.06,3.05,3,1,2,2,2,2,1,2,2,2,1.017,0.14,1,2.7001,0.086,3
1,1985,5,530,2650,0,4,3,1,1,1,1,1,1,2,3,7,1.333,0,2,3.4007,0.2261,0
1,1985,5,500,2500,0,4,3,1,1,1,1,1,1,2,3,4,1.333,0,1,3.3782,0.245,0
2,1989,5,130,780,0,2.75,2.9,2,2,2,1,2,2,2,3,4,0.948,0,3,2.406,0.5044,0
1,1968,4,181,724,0,3.65,3,1,1,2,2,1,1,2,5,4,1.217,0,3,2.1476,0.0423,0
1,1968,4,340,1360,0,3.65,3,1,1,2,2,1,1,2,5,6,1.217,0,3,1.3941,0.0149,0
1,1968,4,263,1052,0,3.65,3,1,1,2,2,1,1,2,5,5,1.217,0,3,1.5898,0.016,0
1,1968,4,216,864,0,3.65,3,1,1,2,2,1,1,2,5,4,1.217,0,3,1.6296,0.0195,0
1,1980,5,86.05,430.25,0,3.15,2.9,2,2,2,2,1,1,2,6,2,1.086,0,2,6.677,0.2347,1
1,1997,4,175,700,30.13,2.8,2.8,2,2,2,2,2,2,2,3,1,1,0.17,1,3.5895,0.1516,2
2,1978,3,208,624,28.93,3.04,3.04,2,2,2,2,2,2,2,3,3,1,0.14,1,2.793,0.1144,0
1,1978,4,260,1040,27.5,2.8,2.8,2,2,2,2,2,1,2,2,4,1,0.11,1,1.8439,0.0468,3
1,1993,5,102,510,25.56,3.5,2.9,1,2,2,2,2,1,2,3,2,1.207,0.25,1,2.9471,0.1039,1
1,1977,4,200,800,18.4,2.9,2.9,2,2,2,2,2,2,2,1,2,1,0.09,1,2.4006,0.0622,3
2,1992,3,211.6,634.8,0,3.9,2.8,1,2,2,1,1,1,2,3,2,1.393,0,1,3.2068,1.4606,3
2,1983,3,232.95,698.85,28.8,3.5,2.9,1,2,2,1,1,1,2,3,3,1.207,0.12,1,3.3622,0.3942,3
1,1980,5,219,1095,13.68,3.5,2.8,2,2,2,1,1,1,2,1,4,1.25,0.06,1,1.5945,0.0507,1
1,1983,4,98.7,394.8,4.75,3.45,2.8,2,2,2,2,2,2,2,2,6,1.232,0.05,2,2.0263,0.0991,1
2,1999,3,405,1215,40.65,3.5,3,1,2,2,2,2,2,2,2,2,1.167,0.1,1,2.5213,0.1666,1
2,1999,4,405,1620,37.69,3.5,3,1,2,2,2,2,2,2,2,2,1.167,0.09,1,1.7996,0.1249,0
1,1979,3,158,474,34.13,2.9,2.9,1,2,2,2,2,2,2,1,3,1,0.22,1,3.4726,0.1253,2
2,2001,4,520,2080,79.78,2.95,2.95,1,2,2,2,2,2,2,0,1,1,0.15,1,2.1708,0.2206,2
2,1997,3,115,345,5.25,3.2,2.8,2,2,2,2,2,1,2,3,4,1.143,0.05,3,4.4986,0.3371,2
1,1982,3,180.9,542.7,16.44,3,2.9,2,2,2,2,2,1,2,2,4,1.034,0.09,1,3.4384,0.1745,2
1,1997,4,146,584,33.3,2.95,2.75,1,2,2,2,2,1,2,2,3,1.073,0.23,1,2.3191,0.4494,2
1,1990,4,307,1228,43.43,2.8,2.8,2,2,2,2,2,2,2,1,3,1,0.14,1,2.2515,0.0868,2
1,1975,3,218,654,26.62,2.85,2.75,2,2,2,2,2,2,2,3,4,1.036,0.12,2,2.5917,0.0587,2
1,1986,5,120,600,28.98,2.85,2.85,2,2,2,2,2,1,2,2,3,1,0.24,1,2.5817,0.0968,2
1,1992,5,126,630,28.98,3.4,2.85,2,2,2,2,2,1,2,3,3,1.193,0.23,2,2.2447,0.0654,2
1,1993,5,205,1025,36.4,2.7,2.7,2,2,2,2,2,2,2,1,4,1,0.18,1,2.0607,0.0792,2
1,1970,3,175,525,21.52,3.25,2.95,2,2,2,2,2,2,2,5,3,1.102,0.12,3,1.8413,0.0487,2
1,1980,4,160.73,642.92,0,3.2,2.85,1,2,2,2,2,2,2,2,7,1.123,0,1,2.064,0.0515,3
1,1982,4,536.7,2146.8,20.1,3.4,3,2,2,2,2,2,1,1,5,5,1.133,0.04,2,2.7182,0.0577,1
2,2001,4,385,1540,14.51,3.5,2.8,1,2,2,2,2,1,2,3,3,1.25,0.04,1,2.1844,0.2983,2
1,1985,3,147,441,28.8,3.5,2.9,2,2,2,1,2,1,2,4,2,1.207,0.2,1,2.7286,0.1872,0
1,1989,5,95,475,8.06,3.5,2.9,2,2,2,1,2,1,2,2,2,1.207,0.08,1,2.1053,0.0857,0
1,1982,4,122,488,4.8,3.65,2.9,1,2,2,1,2,1,2,2,3,1.259,0.04,1,2.8831,0.0764,0
1,1996,4,625,2500,31.2,3.3,3,2,2,2,2,2,2,2,6,4,1.1,0.05,2,2.876,0.1614,0
2,2001,5,352.55,1762.75,0,3.5,3,1,2,2,2,1,1,2,2,3,1.167,0,1,2.8894,4.9801,1
1,1975,4,347.8,1391.2,7.84,3.75,3.75,2,2,2,2,2,1,2,8,4,1,0.02,3,1.9623,0.0866,2
2,1993,5,520,2600,0,3.3,2.9,2,2,2,1,2,1,2,3,6,1.138,0,1,1.9562,0.083,3
1,1975,3,499,1497,0,3.5,3.1,1,2,2,1,2,1,2,4,8,1.129,0,3,2.2921,0.0762,3
1,1980,3,323,646,46.71,3.45,2.8,1,2,2,1,1,1,2,3,7,1.232,0.14,2,2.7152,0.049,3
1,1975,3,350,1050,0,3.5,3.1,1,2,2,2,2,1,2,3,4,1.129,0,1,2.1637,0.0701,0
1,1975,3,107,321,0,3.5,3.1,1,2,2,2,2,1,2,3,4,1.129,0,3,2.6771,0.0467,0
2,1995,6,385,2310,38.56,3.8,2.9,2,2,2,1,1,2,2,3,3,1.31,0.1,1,1.5088,0.1358,0
1,1988,4,134,536,0,3.8,3,1,2,2,1,2,1,2,2,4,1.267,0,1,1.3022,0.0177,3
1,1988,4,390,1560,21.53,3.8,3,1,2,2,1,2,1,2,5,4,1.267,0.06,2,1.6581,0.0279,3
1,1982,5,325.5,1627.5,36.13,3.2,2.9,1,2,2,2,1,1,2,1,6,1.103,0.11,1,1.9205,0.0828,3
2,1991,5,250,1250,27.7,2.9,2.9,1,2,2,2,1,1,2,3,2,1,0.11,1,2.6359,0.2604,3
1,1972,3,137.7,413.1,10.87,2.9,2.9,1,2,1,2,2,2,2,2,2,1,0.08,1,1.5432,0.0168,0
1,1979,4,114,456,10.08,2.9,2.9,1,2,2,2,2,1,2,3,3,1,0.09,2,2.6075,0.0738,0
1,1980,3,114,342,11.4,3.1,3.1,2,2,2,2,2,2,2,3,5,1,0.1,3,3.3716,0.1601,0
1,1995,3,81.25,243.75,5.7,2.7,2.7,2,2,2,1,2,2,2,3,4,1,0.07,3,3.9422,0.0749,0
1,1995,4,233.1,932.4,28.88,2.75,2.75,1,2,2,2,2,2,2,5,2,1,0.12,1,2.6128,0.1176,2
1,1998,4,274,1096,38.62,2.85,2.85,2,2,2,2,2,1,2,1,3,1,0.14,1,2.6842,0.2081,0
1,1979,3,178,534,2.1,3.15,2.9,2,2,2,2,2,1,2,4,4,1.086,0.01,3,1.804,0.0244,1
2,1994,6,450.31,2934.61,46.55,2.85,2.85,1,2,2,1,2,2,2,1,5,1,0.1,1,1.2373,0.0786,4
2,1992,4,205.85,823.4,26.42,3.8,2.8,1,2,2,2,2,1,2,1,4,1.357,0.13,1,2.2174,0.1478,4
1,1982,5,304.15,1520.75,38.72,2.8,2.8,2,2,2,2,2,2,2,2,2,1,0.13,1,1.4607,0.0571,4
1,1988,4,536.83,2147.32,0,3.5,2.8,1,2,1,1,2,1,2,1,0,1.25,0,1,2.6206,0.1444,4
1,1995,5,682.5,3412.5,0,3.5,2.8,1,2,1,2,2,1,2,2,2,1.25,0,1,1.9266,0.089,4
1,1989,4,318.24,1470.18,34.78,2.8,2.8,2,2,2,2,2,2,2,2,2,1,0.11,1,2.1154,0.0828,4
1,1994,5,167.22,879.78,10.92,3.5,2.8,1,2,2,2,2,1,2,1,2,1.25,0.07,1,2.188,0.1359,4
2,1995,6,219,1563.16,22.51,3.4,2.9,2,2,2,1,2,1,2,2,3,1.172,0.1,1,1.5972,0.0869,4
1,1991,5,442.38,2211.9,0,2.85,2.85,2,2,2,2,2,2,2,0,0,1,0,1,2.4219,0.4238,4
1,1994,5,351.36,1756.8,0,3.5,2.8,2,2,2,2,2,1,2,2,6,1.25,0,1,2.0731,0.0692,4
1,1984,5,546.27,2782.95,12.9,3.5,3,2,2,2,1,2,1,2,3,2,1.167,0.02,1,0.8147,0.0528,4
1,1991,5,403.2,2098.84,20.71,3.4,2.8,1,2,1,2,2,1,2,2,2,1.214,0.05,1,1.4311,0.0338,4
2,1994,5,242.48,1212.4,15.9,2.8,2.8,1,2,2,1,2,2,2,4,2,1,0.07,1,1.7355,0.2564,4
1,1986,5,219.09,1232.09,33.66,3.5,2.9,2,2,2,2,2,1,2,2,3,1.207,0.15,1,2.2259,0.1003,4
2,1994,5,175,987.8,28.2,2.8,2.8,2,2,2,2,2,2,2,1,3,1,0.16,1,2.021,0.0497,4
1,1977,4,121.04,524.96,13.6,3.55,2.95,2,2,2,2,2,1,2,3,2,1.203,0.11,1,1.8006,0.0434,4
1,1984,5,195.3,1033.02,14.13,3.6,2.8,2,2,2,2,2,1,2,4,3,1.286,0.07,2,2.4281,0.0968,4
1,1994,4,448.43,1793.72,86.04,2.8,2.8,1,2,2,2,2,2,2,2,7,1,0.19,1,2.1075,0.1012,4
1,1993,4,310.7,1335.41,30.87,2.8,2.8,1,2,1,2,2,2,2,4,3,1,0.1,1,2.7453,0.1848,4
1,1978,5,191.8,1002.64,11.06,3.5,2.8,2,2,2,2,2,1,2,1,4,1.25,0.06,1,2.0833,0.0481,4
2,1979,5,296.57,1581.65,24.7,4,2.6,1,2,2,1,2,1,2,2,4,1.538,0.08,1,1.9152,0.2688,4
2,1996,5,624.9,3124.5,192.65,3.3,2.85,2,2,2,1,2,2,2,1,6,1.158,0.31,1,1.5859,0.1732,4
1,1990,6,566.4,3322,63.28,3,2.8,2,2,2,2,2,2,2,2,7,1.071,0.11,1,1.4774,0.0682,4
1,1992,5,366.8,1581.8,42.9,3.5,2.8,1,2,1,2,2,1,2,0,3,1.25,0.12,1,2.1884,0.1082,4
1,1984,5,285.98,1474.18,11.07,3.5,2.8,1,2,2,2,2,1,2,3,1,1.25,0.04,1,1.0817,0.0284,4
1,1988,5,208.95,1100.31,14.73,3.5,2.8,2,2,2,2,2,1,2,4,2,1.25,0.07,1,1.5087,0.06,4
2,1992,6,315.36,1892.16,63.78,3,2.8,1,2,2,2,2,1,2,1,0,1.071,0.2,1,1.8309,0.1718,4
2,1988,5,489.3,2408.8,0,3.15,2.85,2,2,2,1,2,1,2,2,2,1.105,0,1,1.0815,0.1703,4
1,1986,4,154.7,720.95,38.55,3,3,2,2,2,2,2,2,2,3,4,1,0.25,2,2.5855,0.0913,4
2,1980,4,181.98,727.92,26.78,2.8,2.8,2,2,2,2,2,2,2,4,0,1,0.15,1,2.0904,0.2364,4
1,1983,4,207.04,828.16,32.4,2.9,2.9,2,2,2,2,2,2,2,2,4,1,0.16,1,2.4367,0.0741,4
1,1990,5,322.61,1613.05,58.13,2.8,2.8,2,2,2,1,2,2,2,1,2,1,0.18,1,1.8092,0.0859,4
1,1979,5,334.11,1767.99,24.36,2.8,2.8,2,2,2,2,2,2,2,2,5,1,0.07,1,2.079,0.1165,4
1,1990,4,242.1,968.4,34.6,2.85,2.85,2,2,2,2,2,2,2,2,2,1,0.14,1,1.826,0.0751,4
1,1988,5,173.66,868.3,0,3.65,2.9,1,2,2,2,1,2,2,3,4,1.259,0,2,2.2247,0.0572,4
1,1995,5,390.8,1954,26,3,3,2,2,2,2,2,2,2,2,3,1,0.07,1,1.4698,0.1282,4
2,1995,4,384.24,1615.89,23.24,2.8,2.8,1,2,2,2,2,2,2,1,3,1,0.06,1,3.3976,0.2001,4
2,1979,6,346.25,2077.5,26.85,2.9,2.9,1,2,2,1,2,2,2,2,4,1,0.08,1,1.2551,0.049,4
1,1977,4,92.7,387.81,7.6,2.9,2.9,1,2,2,2,2,2,2,4,1,1,0.08,1,2.8794,0.0892,4
1,1984,5,87.45,500.85,15.9,3.5,2.9,2,2,2,2,2,1,2,2,2,1.207,0.18,1,1.6871,0.0308,4
2,1995,5,123,615,0,3.5,2.8,2,2,2,2,2,1,2,2,3,1.25,0,1,2.3355,0.068,4
2,1997,5,392.96,1644.31,0,3.35,2.9,2,2,2,1,2,1,2,4,4,1.155,0,2,2.0556,0.0526,4
1,1986,4,231.45,925.8,41.7,2.8,2.8,2,2,2,1,2,2,2,2,4,1,0.18,1,1.6879,0.04,4
2,1989,5,445.87,2229.35,70.23,2.8,2.8,1,2,2,2,2,2,2,1,2,1,0.16,1,1.3614,0.1046,4
2,1985,4,567,2563.05,106.55,2.75,2.75,1,2,1,2,2,2,2,4,4,1,0.19,1,1.2303,0.2575,4
1,1976,4,161.2,644.8,7.63,3.5,2.9,1,2,2,2,2,1,2,1,6,1.207,0.05,1,2.3084,0.1163,4
1,1987,6,270.97,1826.87,40.21,2.8,2.8,1,2,2,2,2,2,2,2,2,1,0.15,1,1.5037,0.064,4
1,1970,5,236.25,1181.25,35,4.5,2.75,2,2,2,2,2,1,2,2,4,1.636,0.15,1,1.2804,0.0285,4
2,1997,5,303.32,1516.6,50.54,3.3,2.8,2,2,2,1,2,1,2,2,3,1.179,0.17,1,1.7113,0.3895,4
2,1989,5,256.8,1284,0,3.5,2.8,1,2,2,2,2,1,2,2,2,1.25,0,1,1.298,0.3301,4
1,1998,5,178.3,810.22,0,3.6,2.8,1,2,1,1,2,1,2,2,4,1.286,0,1,2.72,0.2042,4
2,1989,5,331.88,1940.24,66.46,2.8,2.8,1,2,1,1,2,2,2,0,2,1,0.2,1,2.5561,0.3166,4
2,1984,5,215.16,1075.8,31.92,4.3,2.9,2,2,2,2,2,1,2,1,0,1.483,0.15,1,2.0605,0.0476,4
1,1994,5,204.54,1022.7,43.76,2.8,2.8,1,2,2,1,2,2,2,3,2,1,0.21,1,2.1683,0.0891,4
1,1996,5,241.5,1207.5,47.96,2.8,2.8,2,2,2,1,2,2,2,1,2,1,0.2,1,2.1336,0.1708,4
2,1983,5,265.65,1328.25,40.1,3.9,2.9,2,2,2,2,2,1,2,3,2,1.345,0.15,1,1.6329,0.1079,4
2,1998,5,553.69,2768.45,3.01,3.2,2.8,1,2,1,1,2,1,2,1,1,1.143,0.01,1,2.2115,0.1655,4
1,1991,5,111.33,556.65,13.43,3.15,2.8,1,2,2,2,2,1,2,4,2,1.125,0.12,1,2.3719,0.074,4
1,1991,5,238.49,1192.45,18.59,4.37,2.8,1,2,2,2,2,1,2,2,5,1.561,0.08,1,2.2044,0.1258,4
2,1991,5,375.52,2178.6,75.25,3.65,2.8,1,2,1,1,2,1,2,2,6,1.304,0.2,1,2.1595,0.1944,4
1,1991,5,279.3,1396.5,0,3.5,2.5,2,2,2,2,2,1,2,3,2,1.4,0,1,1.7759,0.0842,4
2,1991,5,267.05,1335.25,0,3.5,2.5,2,2,2,2,2,1,2,6,1,1.4,0,1,2.0742,0.133,4
1,1995,5,439.74,2404.58,51.47,3.5,2.8,1,1,1,2,2,1,2,1,5,1.25,0.12,1,1.8089,0.082,4
1,1980,5,386,1930,12.74,3.45,2.8,1,2,1,1,2,1,2,4,5,1.232,0.03,2,2.1028,0.0863,2
2,1980,5,325,1625,0,3.1,2.9,2,2,2,1,2,1,2,4,6,1.069,0,3,2.5126,0.4593,1
2,1980,5,335,1675,0,4.7,2.9,2,2,2,1,2,1,2,5,5,1.621,0,3,1.727,0.3443,1
2,1981,3,210,630,0,3.15,2.95,2,2,2,2,2,1,2,4,4,1.068,0,3,2.9837,0.0999,1
2,1981,3,230,690,0,3.15,2.95,2,2,2,2,2,1,2,5,3,1.068,0,2,3.0334,0.0686,1
1,1993,3,154,604,0,3.3,2.8,1,2,1,1,2,1,2,2,4,1.179,0,1,2.064,0.1205,1
1,1980,4,300,1200,3.85,3.1,2.9,2,2,2,1,2,1,2,2,2,1.069,0.01,1,0.2222,0.0046,1
1,1975,3,142.2,426.6,16.5,2.75,2.75,1,2,2,2,2,2,2,3,3,1,0.12,2,2.752,0.058,1
1,1977,3,124,372,18.87,2.8,2.9,1,2,2,2,2,2,2,2,4,0.966,0.15,1,3.3378,0.0745,1
1,1985,4,472.5,1890,12.6,2.9,2.9,1,2,2,1,2,2,2,4,4,1,0.03,1,2.4383,0.1028,3
1,1974,3,102,306,13.56,3.4,2.8,2,2,2,2,2,1,2,3,4,1.214,0.13,3,2.3769,0.031,1
1,1990,3,140,420,33.7,3.1,2.8,2,2,2,2,2,1,2,3,5,1.107,0.24,3,2.1968,0.0283,1
2,1980,5,400,2000,9.44,3.2,3.1,1,2,1,1,2,1,2,5,4,1.032,0.02,2,2.4494,1.4975,2
2,1997,5,952,5480,25.88,3.1,2.95,1,1,2,1,2,1,2,3,4,1.051,0.03,1,1.9151,0.1085,1
1,1985,4,105,420,0,3.5,2.8,1,2,2,1,2,1,2,2,4,1.25,0,1,3.1944,0.1135,1
1,1987,3,290,870,6.25,3.8,2.8,2,2,2,1,2,1,2,4,8,1.357,0.02,3,2.4663,0.1534,1
1,1980,3,97,291,0,3.5,2.95,1,2,1,1,2,1,2,3,4,1.186,0,3,3.2096,0.0556,1
1,1980,3,248,744,0,3.5,2.95,1,2,2,2,2,1,2,6,4,1.186,0,3,2.4224,0.0505,1
1,1970,4,250,1000,10.9,3.5,2.9,1,2,1,1,1,1,2,5,7,1.207,0.04,3,3.8732,0.1388,1
1,1994,4,312,1248,0,3.3,2.7,1,2,2,1,2,1,2,4,5,1.222,0,2,2.0776,0.064,1
2,1993,5,201,1005,0,3.65,3.2,1,2,1,1,2,1,2,3,3,1.141,0,1,2.8005,0.6273,2
2,1993,5,740,3700,101.46,3.65,3.2,1,2,1,1,2,1,2,3,5,1.141,0.14,1,2.3375,0.1557,2
2,1980,5,185,925,0,3.6,2.9,1,2,1,1,2,1,1,2,4,1.241,0,1,2.5344,0.1163,1
1,1970,4,132,528,14.08,3.6,2.8,2,2,2,2,2,1,2,4,5,1.286,0.11,3,2.6496,0.0644,1
1,1980,4,158,632,13.28,3.8,3,1,2,2,2,2,1,2,3,5,1.267,0.08,3,2.9259,0.0941,1
1,1987,3,26,78,7.91,3.2,2.9,1,2,2,2,2,1,2,2,2,1.103,0.3,1,6,0.2147,1
1,1973,4,505,2020,25.1,4.1,3.1,2,2,2,1,2,1,2,5,5,1.323,0.05,2,1.5197,0.0381,3
1,1986,6,46,276,16.64,3.4,2.9,2,2,2,2,2,1,2,2,2,1.172,,1,2.3188,0.0522,3
1,1993,3,57,171,12.6,3.3,2.9,2,2,2,1,2,1,2,2,4,1.138,,2,2.2783,0.0614,1
1,1973,4,132,528,0,3.6,2.8,1,2,2,1,2,1,2,2,4,1.286,,1,2.2317,0.0603,3
1,1979,4,233,932,39.2,2.7,2.7,2,2,2,2,2,2,2,4,2,1,,1,2.7496,0.0882,1
1,1974,3,30,90,0,3.65,2.9,2,2,2,1,2,1,2,2,2,1.259,,1,7.478,0.2528,3
1,1979,5,104,520,24.16,3.35,2.9,2,2,2,2,2,2,2,1,4,1.155,,1,2.0192,0.0607,3
2,1994,5,158,790,0,3.5,2.9,1,2,1,1,2,2,2,3,4,1.207,,2,1.4857,0.5674,2
1,1968,3,110,330,0,3.45,3.05,2,2,2,2,2,2,2,4,2,1.131,,1,1.3295,0.0188,1
1,1996,5,62,310,4.69,3.5,2.8,2,2,2,2,2,1,2,2,2,1.25,,1,2.2796,0.0658,1
2,1989,5,260,1303,15.6,3.6,2.8,1,2,1,1,1,2,1,1,1,1.286,,1,2.1221,0.0894,2
1,1989,4,240,960,32.6,3.5,2.7,2,2,2,2,2,1,2,1,2,1.296,,1,2.4738,0.0825,2
1,1985,3,110,330,15.36,2.9,2.8,2,2,2,2,2,2,2,3,2,1.036,,1,1.798,0.0242,1
1,1984,3,101,303,10.6,2.2,2.8,2,2,2,2,2,2,2,3,4,0.786,,3,3.736,0.0842,1
2,1989,3,199,597,33.74,3.4,2.75,2,2,2,2,2,1,2,3,4,1.236,,2,2.6533,0.155,1
1,1970,3,258,774,23.3,3,2.8,2,2,2,2,2,2,1,2,4,1.071,,1,2.0952,0.0519,1
1,1991,4,90,360,10.74,2.7,2.7,1,2,2,2,2,2,2,2,4,1,,1,2.9139,0.081,1
1,1995,3,124,372,14.25,2.9,2.9,2,2,2,2,2,2,2,3,1,1,,1,2.707,0.1333,2
1,1997,3,131,393,17.78,2.8,2.8,2,2,2,2,2,2,2,3,3,1,,2,2.5106,0.0564,2
2,1987,4,138,632,0,2.9,2.8,1,1,1,1,2,1,2,2,4,1.036,,1,3.6943,0.5188,2
1,1980,5,350,1750,0,4.3,2.9,2,2,1,2,2,1,1,4,5,1.483,,2,1.6861,0.0378,3
1,1980,5,350,1750,0,4.3,2.9,2,2,1,2,2,1,1,4,5,1.483,,2,1.6861,0.0378,3
1,1980,4,132,528,14.59,3.5,2.9,2,2,2,2,2,1,2,3,2,1.207,,1,2.6553,0.0711,3
1,1990,3,151,453,10.33,2.9,2.85,2,2,2,1,2,2,2,3,3,1.018,,2,3.5394,0.1507,1
1,1992,5,165,945,0,2.9,2.75,2,1,2,2,2,1,2,4,3,1.055,,2,1.4567,0.0367,1
1,1992,4,213.2,852.8,0,3.3,2.9,2,2,2,2,2,1,2,2,4,1.138,,1,2.7036,0.131,1
1,1976,4,211.2,844.8,6.99,3.8,2.9,2,2,2,2,2,1,2,3,5,1.31,,2,1.9672,0.0293,3
1,1987,3,185,555,0,3.5,2.9,2,2,2,2,2,1,2,3,4,1.207,,2,3.2393,0.066,1
1,1974,4,120.3,481.2,0,3.7,2.8,2,2,2,2,2,1,2,2,3,1.321,,1,1.4019,0.0189,1
1,1977,3,294,882,10.46,3.6,2.8,2,2,2,2,2,1,2,4,6,1.286,,3,2.5888,0.0399,1
2,1983,4,314.5,1258,0,3.3,3.3,2,2,2,2,2,2,2,3,4,1,,1,2.4739,0.2296,2
1,1983,4,85,340,7.9,3.4,2.9,2,2,1,2,2,1,2,2,4,1.172,,1,2.5358,0.0459,3
1,1973,4,260,1040,35.83,3.15,2.8,2,2,2,2,2,1,2,3,2,1.125,,1,2.4936,0.0925,1
1,1996,4,445,1780,25.47,3.5,2.7,1,2,2,1,2,1,1,3,8,1.296,,2,2.1573,0.0792,2
1,1975,3,139,417,28.71,3,3,2,2,2,1,2,2,2,3,4,1,,3,2.2462,0.0805,1
1,1980,3,124,372,0,3.6,3,2,2,2,2,2,1,2,4,4,1.2,,3,3.017,0.0648,3
1,1975,3,139,417,14.93,2.95,2.95,1,2,2,2,2,2,2,6,3,1,,3,3.1894,0.0939,2
1,1987,4,218.5,874,26.4,2.8,2.8,2,2,2,2,2,1,2,4,2,1,,1,4.3227,0.1895,2
1,1979,3,134,402,23.75,2.9,2.9,2,2,2,2,2,2,2,3,3,1,,2,1.5672,0.0317,1
2,1993,4,279,1116,16.72,2.9,2.9,2,2,2,2,2,2,2,4,2,1,,1,2.1013,0.0531,1
1,1993,3,121,363,0,2.9,2.9,1,2,2,2,2,2,2,1,5,1,,1,3.6598,0.0807,1
1,1986,4,218,872,3.72,2.75,2.75,1,2,2,2,2,1,2,1,3,1,,1,2.797,0.0582,1
1,1990,3,124,372,17.73,2.7,2.7,1,2,2,2,2,2,2,2,1,1,,1,3.1393,0.1156,1
1,1990,4,104,416,12.25,2.8,2.8,2,2,2,2,1,1,2,4,3,1,,3,2.3614,0.0579,1
1,1990,4,206,824,32.65,2.8,2.8,2,2,2,2,2,2,2,4,2,1,,1,1.9769,0.0601,3
1,1984,4,288,1152,43.75,2.9,2.9,1,2,2,2,2,2,2,2,3,1,,1,1.9035,0.1119,2
1,1991,4,451,2214,11.37,2.8,2.7,2,1,2,1,2,1,2,1,1,1.037,,1,2.1777,0.0937,1
1,1987,4,252,1008,19.87,3.75,2.7,1,1,2,1,2,1,2,1,3,1.389,,1,2.3813,0.0636,1
1,1985,5,163,815,18.71,3.3,2.8,1,2,2,2,2,1,2,4,4,1.179,,3,2.3552,0.0673,3
1,1989,5,109,545,8.75,3.5,2.8,2,2,2,2,2,1,2,8,2,1.25,,2,1.6422,0.0402,1
1,1975,4,254.6,1018.4,11.07,4,2.8,2,2,2,1,2,1,2,6,3,1.429,,2,2.1079,0.0421,3
1,1990,5,332.4,1662,6.5,3.5,2.8,2,2,2,2,2,2,2,5,4,1.25,,2,1.7077,0.0418,3
1,1991,6,306,1836,29.31,3.5,2.85,1,2,2,1,2,1,2,1,4,1.228,,1,2.4602,0.2911,3
1,1987,4,128,512,19.32,3.2,2.8,1,2,2,2,2,2,2,3,3,1.143,,2,2.2383,0.0408,1
1,1975,4,130,520,12.35,3.2,2.8,1,2,2,2,2,1,2,3,2,1.143,,1,2.2058,0.0591,1
1,1981,3,127,381,10.08,3.3,2.75,2,2,2,2,2,1,2,3,2,1.2,,1,3.2441,0.0684,1
1,1986,4,285,1140,56.06,3.1,2.8,1,2,2,2,2,1,2,4,3,1.107,,2,3.1909,2.9087,1
1,1990,4,98.9,454.46,12.75,5.3,2.7,2,2,2,1,2,1,2,3,2,1.963,,1,2.8781,0.0906,2
1,1985,3,101,303,7.9,3.7,2.8,2,2,2,2,2,1,2,3,3,1.321,,2,2.9571,0.0602,1
1,1984,3,101.1,311.3,0,3.5,2.8,2,2,2,2,2,2,2,3,2,1.25,,1,4.1017,0.1561,2
1,1980,4,135,540,0,3.5,2.85,2,2,2,2,2,1,2,2,3,1.228,,1,1.3889,0.0699,2
1,1999,3,107,321,18.21,3.5,2.7,1,2,2,2,2,1,2,3,2,1.296,,1,5.0353,0.2313,1
2,1982,3,199,597,0,3.65,2.9,2,2,2,2,2,1,2,2,5,1.259,,1,3.806,0.49,1
1,1982,4,163.5,654,16.4,2.9,2.9,2,2,2,2,2,2,2,4,2,1,,1,2.1718,0.0528,2
1,1986,4,178.8,715.2,27.43,3.5,2.85,2,2,2,2,2,1,2,3,2,1.228,,1,1.7319,0.0348,2
1,1980,3,124,372,5.72,2.8,2.8,2,2,2,2,2,2,2,2,4,1,,1,2.6855,0.0563,1
1,1980,3,118,354,7.13,2.8,2.8,1,2,2,2,2,2,2,3,2,1,,1,2.484,0.0889,1
2,1993,5,590,3350,17.3,3.2,2.9,1,1,1,1,1,1,2,2,4,1.103,,1,1.7422,0.1317,2
1,1996,5,210,1165,0,2.8,2.8,1,1,2,1,2,1,2,3,3,1,,1,1.7947,0.059,2
1,1989,5,195,1133,0,2.8,2.8,1,2,2,1,2,1,2,3,3,1,,2,2.692,0.119,1
2,1995,4,380,1520,46.67,3.55,2.8,2,2,2,2,2,1,2,2,3,1.268,,1,2.3116,0.1014,3
1,1999,3,247,741,26.54,3.55,2.7,1,2,1,2,2,1,2,1,2,1.315,,1,3.4532,0.1358,1
1,1970,2,147,294,3.1,3.35,2.9,2,2,2,2,2,2,2,2,7,1.155,,2,5.263,0.0957,1
1,1972,2,124,248,17.55,2.8,2.8,2,2,2,2,2,2,2,4,3,1,,3,2.8602,0.0301,1
1,1995,3,159,477,19.94,3.1,2.6,2,2,2,2,2,2,2,2,4,1.192,,1,2.8134,0.0628,1
1,1998,2,300,600,37.26,2.8,2.8,2,2,2,2,2,1,2,3,5,1,,2,4.0517,0.1248,2
1,1983,3,208,624,27.3,2.75,2.75,2,2,2,2,1,2,2,4,3,1,,2,1.8483,0.0248,2
1,1992,2,82,180,15.73,3.5,2.8,1,2,2,2,2,1,2,3,4,1.25,,3,6.425,0.2813,2
1,1980,3,110,330,8.94,2.8,2.8,1,2,2,2,1,2,2,3,3,1,,2,2.5465,0.1203,1
1,1994,3,111,333,12.47,2.8,2.8,2,2,2,2,2,2,2,3,4,1,,3,2.6517,0.0508,1
1,1974,3,173,519,7.6,2.8,2.8,2,2,2,2,2,2,2,3,4,1,,2,2.5909,0.0552,1
1,1992,3,268.25,804.75,18.38,2.8,2.8,2,2,2,2,2,2,2,3,1,1,,1,3.2358,0.1121,1
1,1977,3,127,381,6.1,2.8,2.8,2,2,2,2,2,1,2,2,2,1,,1,2.6719,0.0935,1
2,1995,3,122.35,367.05,35.3,2.8,2.8,1,2,2,2,2,1,2,2,3,1,,1,6.134,1.8749,1
1,1998,2,660,1320,0,3.3,3.3,2,2,1,2,2,2,2,6,4,1,,2,4.2515,0.2291,1
2,1998,2,720,1440,0,3.3,3.3,2,2,1,2,2,2,2,5,3,1,,1,4.5028,1.0295,1
1,1998,2,660,1320,0,3.3,3.3,2,2,1,2,2,2,2,5,4,1,,1,4.2061,0.2291,1
2,1995,4,230,920,0,4.2,3.2,1,2,1,2,1,1,1,4,10,1.313,,3,4.1703,3.2641,1
1,1990,2,407,814,0,3.05,3.05,2,2,2,2,2,2,2,4,10,1,,3,3.7482,0.0796,1
1,1990,2,596,1192,0,3.05,3.05,2,2,2,2,2,2,1,5,8,1,,3,3.9776,0.3159,1
1,1996,3,355.6,1066.8,0,3.35,3.1,2,2,2,2,2,2,2,4,11,1.081,,3,3.0971,0.105,1
2,1997,5,365,1825,36.62,2.8,2.8,1,2,2,1,2,2,1,1,1,1,,1,2.2928,0.1684,3
2,1997,5,325,1625,38.09,2.8,2.8,1,2,2,1,2,2,1,2,1,1,,1,2.5268,0.1649,3
2,1995,3,205.12,615.36,48.4,2.75,2.75,2,2,2,2,2,2,2,2,3,1,,1,2.7734,0.136,2
1,1996,4,196.73,786.92,44.2,2.8,2.8,1,2,2,2,2,1,2,3,2,1,,1,2.8624,0.1412,1
1,1993,3,110,330,19.43,2.75,2.75,1,2,2,2,2,2,2,1,2,1,,1,3.6768,0.0879,2
1,1973,4,115.4,461.6,21.85,2.95,2.95,1,2,2,1,2,1,2,3,3,1,,2,2.5629,0.0655,1
1,1973,4,115.8,463.2,22.07,2.95,2.95,1,2,2,1,2,1,2,2,4,1,,1,2.2901,0.0833,1
1,1968,3,136.5,409.5,0,2.85,2.8,2,2,2,2,2,2,2,2,2,1.018,,1,3.6627,0.0942,0
1,1998,5,143.2,716,48.43,2.85,2.9,2,2,2,2,1,1,2,3,2,0.983,,1,1.2719,0.0972,1
2,1985,4,257.62,1030.48,46.53,3.2,2.6,1,2,2,1,2,1,2,2,4,1.231,,1,3.1777,0.2681,3
1,1975,2,113,226,13.2,2.9,2.9,2,2,2,2,1,2,2,4,4,1,,3,4.2212,0.1462,0
1,1985,3,163,489,38.7,2.75,2.75,1,2,2,2,2,1,2,4,2,1,,1,3.1152,0.1081,2
2,1992,5,433,2165,83.21,2.8,2.8,2,2,2,2,2,2,2,2,5,1,,1,1.6142,0.5969,3
2,1994,4,420.86,1683.44,85.14,2.75,2.7,1,2,2,2,2,1,2,0,1,1.019,,1,2.5991,0.6338,3
2,1996,5,405,2025,21.45,2.8,2.8,1,2,1,2,2,1,2,1,2,1,,1,2.1345,0.1602,2
2,1996,5,255,1275,15.65,2.8,2.8,1,2,1,2,2,1,2,1,1,1,,1,2.6008,0.2881,2
1,1981,3,661.5,1984.5,41.78,2.85,2.9,2,2,2,2,2,2,2,3,6,0.983,,1,2.5289,0.0899,1
1,1974,3,295.43,886.29,18,3.65,2.75,2,2,2,2,2,1,2,3,5,1.327,,2,1.9626,0.054,1
1,1998,4,120,480,4.1,2.75,2.75,1,2,2,2,2,2,2,1,3,1,,1,2.9792,0.0974,1
1,1950,3,175,525,3.48,3,2.75,1,2,2,2,2,2,2,3,2,1.091,,1,2.147,0.0287,3
1,1976,3,202,606,20.48,2.85,2.85,1,2,2,2,2,2,2,3,2,1,,1,2.7563,0.0595,1
1,1982,2,105,210,23.95,2.85,2.85,2,2,2,2,2,2,2,2,4,1,,1,3.5222,0.0343,1
1,1978,3,103.8,311.4,0,2.85,2.85,2,2,2,2,2,1,2,4,4,1,,3,5.2617,0.1125,2
1,1980,4,418,1672,21,2.8,2.8,2,2,2,2,2,2,2,3,4,1,,1,2.0239,0.1324,1
1,1975,2,144,288,7.15,2.9,2.7,1,2,2,2,2,2,2,2,4,1.074,,1,5.0931,0.1263,1
1,1950,4,121.56,486.24,10.5,2.75,2.75,2,2,2,2,2,2,2,4,4,1,,3,2.3994,0.0927,1
1,1970,2,148.2,296.4,23.07,3.15,3.15,2,2,2,2,2,1,2,4,3,1,,3,3.7629,0.0835,1
1,1982,3,135.15,405.45,27.15,2.7,2.7,2,2,2,2,2,2,2,2,3,1,,1,2.781,0.0482,2
2,1985,3,181,543,24.48,2.8,2.8,2,2,2,2,2,2,2,3,4,1,,2,3.2228,0.0349,1
1,1975,3,165,495,20.99,2.8,2.8,1,2,2,2,2,2,2,3,2,1,,1,3.2525,0.0605,1
1,1990,3,122.8,368.4,15.77,2.85,2.85,2,2,2,2,2,2,2,2,2,1,,1,4.126,0.148,1
1,1979,2,185,370,19.15,2.85,2.85,1,2,1,2,2,2,2,1,2,1,,1,3.2613,0.0437,1
1,1982,2,117,234,6.49,2.85,2.85,1,2,2,2,2,2,2,2,3,1,,1,3.4185,0.1419,1
1,1980,5,162.4,812,13.44,2.8,2.8,2,2,2,2,2,2,2,3,2,1,,1,2.3974,0.0693,1
1,1983,3,161.1,483.3,7.28,2.85,2.85,2,2,2,2,2,2,2,3,2,1,,1,2.5522,0.1628,3
2,1995,4,270,1080,38.72,3.1,2.65,1,2,2,1,2,1,2,2,2,1.17,,1,2.77,0.0542,1
1,1976,3,98,294,0,2.75,2.75,1,2,2,2,2,2,2,2,3,1,,1,2.6678,0.0345,1
1,1985,3,492,1476,0,2.95,2.95,2,2,2,2,2,2,2,4,8,1,,3,3.1388,0.0723,1
1,1950,3,122.16,366.48,0,2.85,3,2,2,2,2,2,1,2,3,6,0.95,,3,2.8072,0.0181,0
1,1950,2,162,324,11.45,4.15,3.45,1,2,2,1,1,1,2,5,2,1.203,,1,2.9938,0.0676,0
1,1970,3,67.8,203.4,17.92,3,3,1,2,2,1,2,2,2,3,3,1,,3,2.8499,0.0368,0
1,1970,3,40,120,0,3.55,2.8,1,2,2,1,1,1,2,3,2,1.268,,2,4.4967,0.238,0
1,1982,2,66,132,0,3.15,2.85,2,2,2,2,2,2,2,2,3,1.105,,1,3.3662,0.036,0
1,1985,2,91,182,12.18,2.9,2.9,1,2,2,2,2,1,2,2,4,1,,1,5.4011,0.2275,0
1,1973,4,27.17,108.68,0,3.3,3,2,2,2,1,2,1,2,2,3,1.1,,2,3.3738,0.0489,0
1,1960,4,42.37,169.48,0,3.35,2.8,2,2,2,2,2,1,2,2,4,1.196,,2,2.8696,0.0307,0
1,1976,4,750,3000,0,3.75,2.95,2,2,2,2,2,1,2,7,7,1.271,,3,1.476,0.0356,0
1,1984,5,434,2170,11,3.4,2.75,2,2,2,2,1,2,2,4,5,1.236,,2,1.3918,0.0643,0
1,1984,5,296,1480,0,3.4,2.75,2,2,2,2,1,2,2,7,5,1.236,,3,1.7425,0.0299,0
2,1989,5,283,1415,15.84,3.5,2.8,1,2,2,2,2,1,2,3,3,1.25,,1,1.9478,0.1195,0
2,1989,5,332,1660,24.75,3.5,2.8,1,2,2,2,2,1,2,4,2,1.25,,1,1.8376,0.0791,0
2,1989,6,400,2950,0,3.75,3,1,2,1,1,1,1,2,3,9,1.25,,2,2.1868,0.3776,0
1,1987,3,118.8,356.4,7.37,3.7,2.7,2,2,2,2,2,1,2,3,2,1.37,,1,3.3956,0.2648,0
1,1979,2,200,400,20.58,3.5,2.7,2,2,2,2,2,1,2,2,6,1.296,,1,4.635,0.089,0
2,1999,4,230.75,923,60,2.9,2.9,1,2,2,2,2,2,2,3,5,1,,2,2.2824,0.0891,0
1,1991,5,306,1530,13.9,3.25,2.75,1,2,2,2,2,1,2,2,2,1.182,,1,1.7558,0.0461,3
1,1988,5,204,1020,25.8,3.1,2.8,1,2,2,2,1,1,2,3,2,1.107,,1,2.3627,0.0824,3
1,1980,5,130,650,14.43,3.25,3,2,2,2,2,2,2,2,2,3,1.083,,1,2.0195,0.0675,2
1,1985,5,110,550,0,3.6,2.7,2,2,2,2,2,2,2,2,3,1.333,,1,2.0312,0.1187,0
1,1993,5,210,1050,39.57,3.75,3,2,2,2,1,1,1,2,1,1,1.25,,1,2.1103,0.161,0
1,1984,3,126.11,378.33,2.04,2.9,2.9,1,2,2,2,2,2,2,3,2,1,,1,3.7969,0.3923,3
1,1985,4,382,1528,2.64,2.7,2.6,2,2,2,2,2,2,2,4,4,1.038,,2,2.3351,0.0424,0
1,1996,4,217,868,36.71,3,3,2,2,2,2,2,2,2,6,2,1,,1,4.6444,0.1265,3
1,1975,3,114.5,343.5,10.4,2.8,2.8,2,2,2,2,2,2,2,2,4,1,,1,3.6157,0.1316,0
2,1999,5,200,1000,17.45,2.75,2.75,2,2,2,2,2,2,2,4,2,1,,1,2.104,0.5337,0
1,1999,3,201,603,48,2.8,2.8,2,2,2,2,2,1,2,3,2,1,,1,3.9055,0.2106,0
2,1989,4,200.7,802.8,27.5,3,3,2,2,2,2,2,2,2,2,2,1,,1,2.5448,0.0341,0
1,1970,3,136,408,5.84,3.4,3,2,2,2,2,2,2,2,4,2,1.133,,1,2.8056,0.0534,0
1,1973,3,284,852,8.63,3.5,3.1,2,2,2,2,2,1,2,6,0,1.129,,1,1.9517,0.0548,0
1,1992,5,214,1070,25.5,2.8,2.8,2,2,2,2,2,2,2,4,2,1,,1,1.9704,0.0835,0
1,1989,2,216,432,13.5,3.75,3.75,1,2,2,2,2,1,2,2,5,1,,1,3.8804,0.0835,2
1,1950,3,163.5,490.5,6.84,3.45,2.8,1,2,2,1,1,1,2,4,2,1.232,,1,1.4653,0.0312,0
1,1994,5,220,1100,16.13,3.45,2.85,1,2,2,1,1,1,2,2,3,1.211,,1,2.8741,0.1075,2
1,1975,3,165,495,30.72,3.2,2.6,1,2,2,2,2,1,2,1,4,1.231,,1,2.4593,0.0275,3
1,1950,3,307,921,34.05,3.6,2.8,2,2,2,2,2,1,2,4,8,1.286,,3,2.7159,0.0938,1
2,1984,3,246,738,31.8,3.6,2.75,1,2,2,1,1,1,2,4,3,1.309,,2,4.5486,0.1392,3
2,1999,5,303,1515,19.89,3,3,2,2,2,2,2,2,2,0,8,1,,1,2.3694,0.1626,1
1,1995,3,82.3,246.9,18.49,3.75,2.85,1,2,1,2,2,1,2,1,3,1.316,,1,3.4521,0.0908,2
1,1995,3,144,432,20.64,2.8,2.8,1,2,2,2,2,1,2,3,2,1,,1,2.6474,0.097,1
1,1994,4,188,752,10.36,3.6,2.9,1,2,2,2,2,1,2,4,4,1.241,,3,3.1799,0.1332,1
1,1993,3,128,384,17.29,2.8,2.8,2,2,2,2,2,1,2,4,2,1,,1,2.1736,0.1645,1
1,1992,5,258,1290,36.27,3.1,2.9,1,2,2,1,2,1,2,4,3,1.069,,2,1.9245,0.0709,2
2,1993,5,319,1595,18.2,2.8,2.8,2,2,2,2,2,1,2,3,3,1,,1,2.5287,0.9074,2
1,1986,5,308,1540,16.17,3,2.8,1,2,1,1,2,1,2,4,1,1.071,,1,1.9776,0.0769,2
1,1984,5,97,485,3.3,3.5,2.9,1,2,2,2,2,1,2,2,2,1.207,,1,3.3519,0.15,2
1,1970,3,84,252,13.56,3.5,2.9,1,2,2,1,2,1,2,3,2,1.207,,1,3.5886,0.0853,1
1,1994,4,207,828,19.36,2.8,2.8,1,2,1,1,2,1,2,3,2,1,,1,1.8116,0.0496,2
1,1993,4,177,708,25.8,3.6,2.8,1,2,2,2,2,1,2,2,3,1.286,,1,2.8424,0.1223,2
1,1966,3,133,399,13.5,3.7,3.1,1,2,2,2,2,1,2,3,3,1.194,,2,1.5188,0.0089,1
1,1987,5,257,1285,0,3.5,2.9,1,2,1,2,2,1,2,4,5,1.207,,3,2.0962,0.0989,1
1,1990,5,270,1350,11.76,3.5,2.8,1,2,2,2,2,1,2,2,1,1.25,,1,2.2013,0.1189,2
1,2001,4,445,1780,45.66,2.8,2.8,1,2,2,1,2,2,2,1,3,1,,1,1.7344,0.1002,3
1,1989,4,190,760,15.83,2.85,2.85,1,2,2,1,2,2,2,1,2,1,,1,2.755,0.1545,2
2,1994,5,210,1050,38.68,2.8,2.8,2,2,2,2,2,2,2,2,1,1,,1,2.211,0.2521,2
1,1996,4,149,596,0,3.5,2.9,1,2,2,1,2,1,2,4,4,1.207,,3,3.052,0.1389,1
1,1996,4,70,280,0,3.5,2.9,1,2,2,1,2,1,2,2,4,1.207,,2,3.6964,0.1213,1
1,1995,4,192,768,5.42,2.85,2.85,1,2,2,1,2,2,2,1,5,1,,1,2.1747,0.1297,2
1,2001,5,628,3140,29.55,3.1,2.9,1,2,2,2,2,2,2,2,5,1.069,,1,1.7183,0.1736,3
1,1990,4,178,712,11.2,3.6,2.9,1,2,2,2,2,1,2,4,5,1.241,,3,1.6536,0.0194,2
1,1985,5,147,735,6.9,3.1,2.7,1,2,2,2,2,1,2,2,5,1.148,,1,1.9546,0.1385,3
1,1985,5,212,1060,24.28,3.1,2.7,1,2,2,2,2,1,2,2,8,1.148,,1,1.9711,0.0468,2
1,1983,4,422,1688,54.22,2.9,2.9,1,2,2,2,2,1,2,3,4,1,,1,2.4648,0.0602,2
1,1980,5,115,575,9.52,3.1,2.7,1,2,2,2,2,1,2,2,5,1.148,,1,1.869,0.0601,1
1,1980,3,272,816,16.35,2.9,2.9,2,2,2,2,2,2,2,4,7,1,,3,1.5606,0.0223,2
1,1993,4,470,1880,34.19,2.75,2.75,1,2,2,1,2,2,2,2,3,1,,1,2.181,0.1466,2
1,1988,3,627,1881,69.96,3.3,2.9,1,2,1,1,2,1,2,4,5,1.138,,1,2.3047,0.0358,2
1,1992,3,300,900,39.49,4,2.8,1,2,2,2,2,1,2,4,4,1.429,,2,2.8133,0.0919,1
1,1989,5,987,4935,61.26,3.5,2.9,1,2,1,1,2,1,2,4,3,1.207,,1,2.1789,0.0946,2
1,1984,4,375,1500,26,3.8,2.9,1,2,2,2,2,1,2,2,5,1.31,,1,2.2139,0.0637,2
1,1994,5,210,1050,0,3.35,2.8,1,2,2,1,2,1,2,3,2,1.196,,1,2.1476,0.0692,2
1,1988,5,87,435,0,3.5,2.8,1,2,2,2,2,1,2,2,4,1.25,,1,2.2391,0.0557,1
2,1990,5,512,2560,26.77,3.5,3.5,1,2,2,1,2,1,2,5,3,1,,1,2.0968,0.081,2
1,1995,4,334,1336,8.56,3.8,2.9,1,2,2,2,2,1,2,3,7,1.31,,2,2.9027,0.2014,2
1,1988,5,208,1040,10.14,3.55,2.8,1,2,2,1,2,1,2,4,4,1.268,,3,2.4248,0.0738,2
1,1993,3,156,468,19.63,2.7,2.7,1,2,2,2,2,2,2,2,3,1,,1,3.057,0.1434,1
1,1994,3,186,558,12.9,2.7,2.7,1,2,2,2,2,2,2,3,2,1,,1,2.8889,0.0736,2
1,1989,5,399,1995,18.34,3.35,2.85,1,2,2,1,2,1,2,3,7,1.175,,2,1.8111,0.0692,2
1,1978,3,120,360,25.75,2.75,2.75,1,2,2,2,2,2,2,3,2,1,,1,3.2542,0.1255,1
1,2001,4,638,2552,47.63,3.3,2.85,1,2,2,2,2,2,2,2,7,1.158,,1,2.5396,0.127,2
1,1980,5,305,1525,47.69,3.05,2.9,1,2,2,1,2,2,2,1,5,1.052,,1,1.3467,0.0352,2
1,1980,3,248,744,44.26,3.55,2.9,1,2,2,2,2,1,2,2,4,1.224,,1,2.6597,0.0569,2
1,1987,4,166,664,10.12,3.5,2.9,1,2,2,2,2,1,2,3,5,1.207,,3,0.753,0.0301,3
2,1991,5,100,500,0,3.55,2.8,1,2,2,1,2,1,2,4,3,1.268,,3,3.1467,0.2335,2
1,1985,3,515,1545,0,3.25,2.9,1,2,2,2,2,1,2,4,7,1.121,,2,3.7968,0.1035,2
1,1975,3,130,390,8.9,3.1,2.9,1,2,2,2,2,2,2,1,3,1.069,,1,2.4814,0.0488,2
1,1990,3,126,378,8.3,2.8,2.8,1,2,2,2,2,2,2,4,2,1,,1,2.8721,0.094,2
1,1989,5,320,1600,21.95,3.15,2.9,1,2,2,2,2,2,2,2,5,1.086,,1,2.7678,0.099,2
1,1992,4,190,760,24.3,3.2,2.85,1,2,2,2,2,1,2,3,2,1.123,,1,1.7325,0.0362,2
1,1990,5,195,975,15.75,3.25,2.8,1,2,2,2,2,1,2,2,3,1.161,,1,2.5333,0.1221,2
1,1981,3,350,1050,13.92,3.85,2.85,2,2,2,2,2,1,2,6,6,1.351,,3,2.3067,0.0533,2
1,1996,4,122,488,9.26,2.8,2.8,1,2,2,2,2,2,2,3,2,1,,1,2.8967,0.1587,2
2,1994,4,131,524,22.34,2.8,2.8,2,2,2,2,2,2,2,3,3,1,,2,2.6559,0.1989,1
1,1994,4,114,456,19.08,2.8,2.8,2,2,2,2,2,2,2,3,3,1,,2,2.606,0.1757,1
1,1993,5,262,1310,64.01,3.5,2.9,1,2,2,1,2,1,2,2,3,1.207,,1,1.9181,0.0692,1
